TP_FUNDO_CLASSE;CNPJ_FUNDO_CLASSE;DENOM_SOCIAL;DT_COMPTC;TP_APLIC;TP_ATIVO;EMISSOR_LIGADO;TP_NEGOC;QT_VENDA_NEGOC;VL_VENDA_NEGOC;QT_AQUIS_NEGOC;VL_AQUIS_NEGOC;QT_POS_FINAL;VL_MERC_POS_FINAL;VL_CUSTO_POS_FINAL;DT_CONFID_APLIC;CD_SWAP;DS_SWAP
CLASSES - FIF;02.668.201/0001-97;BNP PARIBAS EQD BRAZIL FUND CLASSE DE INVESTIMENTO MULTIMERCADO CRÉDITO PRIVADO;2025-11-30;DIFERENCIAL DE SWAP A PAGAR;SWAP;;;;;;;;206005403.02;;;Outros;999 X 999
CLASSES - FIF;02.668.201/0001-97;BNP PARIBAS EQD BRAZIL FUND CLASSE DE INVESTIMENTO MULTIMERCADO CRÉDITO PRIVADO;2025-11-30;DIFERENCIAL DE SWAP A PAGAR;SWAP;;;;;;;;3122905.81;;;SDP;DI1 X PRE
CLASSES - FIF;02.668.201/0001-97;BNP PARIBAS EQD BRAZIL FUND CLASSE DE INVESTIMENTO MULTIMERCADO CRÉDITO PRIVADO;2025-11-30;DIFERENCIAL DE SWAP A RECEBER;SWAP;;;;;;;;184458183.13;;;Outros;999 X 999
CLASSES - FIF;02.885.730/0001-42;KONA FIF MULTIMERCADO CRÉDITO PRIVADO INVESTIMENTO NO EXTERIOR RESPONSABILIDADE LIMITADA;2025-11-30;DIFERENCIAL DE SWAP A RECEBER;SWAP;;;;;;;;7389001.48;;;SDP;DI1 X PRE
CLASSES - FIF;05.075.861/0001-52;BB TOP EURO FUNDO DE INVESTIMENTO FINANCEIRO CAMBIAL LONGO PRAZO RESPONSABILIDADE LIMITADA;2025-11-30;DIFERENCIAL DE SWAP A PAGAR;SWAP;;;;;;;;4236888.21;;;SDE;DI1 X REU
CLASSES - FIF;05.754.066/0001-90;CLASSE ÚNICA DO ÁGATA FUNDO DE INVESTIMENTO FINANCEIRO MULTIMERCADO CRÉDITO PRIVADO LONGO PRAZO;2025-11-30;DIFERENCIAL DE SWAP A PAGAR;SWAP;;;;;;;;280944693.89;;;Outros;999 X 999
CLASSES - FIF;05.754.066/0001-90;CLASSE ÚNICA DO ÁGATA FUNDO DE INVESTIMENTO FINANCEIRO MULTIMERCADO CRÉDITO PRIVADO LONGO PRAZO;2025-11-30;DIFERENCIAL DE SWAP A PAGAR;SWAP;;;;;;;;139802032.91;;;SEP;REU X PRE
CLASSES - FIF;05.754.066/0001-90;CLASSE ÚNICA DO ÁGATA FUNDO DE INVESTIMENTO FINANCEIRO MULTIMERCADO CRÉDITO PRIVADO LONGO PRAZO;2025-11-30;DIFERENCIAL DE SWAP A PAGAR;SWAP;;;;;;;;102402007.21;;;SCP;DOL X PRE
CLASSES - FIF;05.754.066/0001-90;CLASSE ÚNICA DO ÁGATA FUNDO DE INVESTIMENTO FINANCEIRO MULTIMERCADO CRÉDITO PRIVADO LONGO PRAZO;2025-11-30;DIFERENCIAL DE SWAP A PAGAR;SWAP;;;;;;;;33266797.93;;;SCE;DOL X REU
CLASSES - FIF;05.754.066/0001-90;CLASSE ÚNICA DO ÁGATA FUNDO DE INVESTIMENTO FINANCEIRO MULTIMERCADO CRÉDITO PRIVADO LONGO PRAZO;2025-11-30;DIFERENCIAL DE SWAP A PAGAR;SWAP;;;;;;;;36619828.01;;;SDL;DI1 X IAP
CLASSES - FIF;05.754.066/0001-90;CLASSE ÚNICA DO ÁGATA FUNDO DE INVESTIMENTO FINANCEIRO MULTIMERCADO CRÉDITO PRIVADO LONGO PRAZO;2025-11-30;DIFERENCIAL DE SWAP A PAGAR;SWAP;;;;;;;;29518484.51;;;SDC;DI1 X DOL
CLASSES - FIF;05.754.066/0001-90;CLASSE ÚNICA DO ÁGATA FUNDO DE INVESTIMENTO FINANCEIRO MULTIMERCADO CRÉDITO PRIVADO LONGO PRAZO;2025-11-30;DIFERENCIAL DE SWAP A RECEBER;SWAP;;;;;;;;175151838.50;;;SEP;REU X PRE
CLASSES - FIF;05.754.066/0001-90;CLASSE ÚNICA DO ÁGATA FUNDO DE INVESTIMENTO FINANCEIRO MULTIMERCADO CRÉDITO PRIVADO LONGO PRAZO;2025-11-30;DIFERENCIAL DE SWAP A RECEBER;SWAP;;;;;;;;190953322.41;;;SCP;DOL X PRE
CLASSES - FIF;05.754.066/0001-90;CLASSE ÚNICA DO ÁGATA FUNDO DE INVESTIMENTO FINANCEIRO MULTIMERCADO CRÉDITO PRIVADO LONGO PRAZO;2025-11-30;DIFERENCIAL DE SWAP A RECEBER;SWAP;;;;;;;;463009039.79;;;SDC;DI1 X DOL
CLASSES - FIF;05.754.066/0001-90;CLASSE ÚNICA DO ÁGATA FUNDO DE INVESTIMENTO FINANCEIRO MULTIMERCADO CRÉDITO PRIVADO LONGO PRAZO;2025-11-30;DIFERENCIAL DE SWAP A RECEBER;SWAP;;;;;;;;25199438.00;;;SDE;DI1 X REU
CLASSES - FIF;05.754.066/0001-90;CLASSE ÚNICA DO ÁGATA FUNDO DE INVESTIMENTO FINANCEIRO MULTIMERCADO CRÉDITO PRIVADO LONGO PRAZO;2025-11-30;DIFERENCIAL DE SWAP A RECEBER;SWAP;;;;;;;;434169809.03;;;Outros;999 X 999
CLASSES - FIF;07.110.975/0001-11;CLASSE ÚNICA DO OAK FUNDO DE  INVESTIMENTO FINANCEIRO MULTIMERCADO  CP INVESTIMENTO NO EXTERIOR;2025-11-30;DIFERENCIAL DE SWAP A PAGAR;SWAP;;;;;;;;18358146.55;;;SCP;DOL X PRE
CLASSES - FIF;07.110.975/0001-11;CLASSE ÚNICA DO OAK FUNDO DE  INVESTIMENTO FINANCEIRO MULTIMERCADO  CP INVESTIMENTO NO EXTERIOR;2025-11-30;DIFERENCIAL DE SWAP A PAGAR;SWAP;;;;;;;;318014699.26;;;Outros;999 X 999
CLASSES - FIF;07.110.975/0001-11;CLASSE ÚNICA DO OAK FUNDO DE  INVESTIMENTO FINANCEIRO MULTIMERCADO  CP INVESTIMENTO NO EXTERIOR;2025-11-30;DIFERENCIAL DE SWAP A RECEBER;SWAP;;;;;;;;344069240.16;;;Outros;999 X 999
CLASSES - FIF;07.110.975/0001-11;CLASSE ÚNICA DO OAK FUNDO DE  INVESTIMENTO FINANCEIRO MULTIMERCADO  CP INVESTIMENTO NO EXTERIOR;2025-11-30;DIFERENCIAL DE SWAP A RECEBER;SWAP;;;;;;;;243434.55;;;SDC;DI1 X DOL
CLASSES - FIF;07.110.975/0001-11;CLASSE ÚNICA DO OAK FUNDO DE  INVESTIMENTO FINANCEIRO MULTIMERCADO  CP INVESTIMENTO NO EXTERIOR;2025-11-30;DIFERENCIAL DE SWAP A RECEBER;SWAP;;;;;;;;29545567.43;;;SCP;DOL X PRE
CLASSES - FIF;08.771.962/0001-56;OITI FIF MULTIMERCADO CRÉDITO PRIVADO INVESTIMENTO NO EXTERIOR RESPONSABILIDADE LIMITADA;2025-11-30;DIFERENCIAL DE SWAP A PAGAR;SWAP;;;;;;;;153159932.41;;;SCE;DOL X REU
CLASSES - FIF;08.771.962/0001-56;OITI FIF MULTIMERCADO CRÉDITO PRIVADO INVESTIMENTO NO EXTERIOR RESPONSABILIDADE LIMITADA;2025-11-30;DIFERENCIAL DE SWAP A PAGAR;SWAP;;;;;;;;261048291.74;;;SCP;DOL X PRE
CLASSES - FIF;08.771.962/0001-56;OITI FIF MULTIMERCADO CRÉDITO PRIVADO INVESTIMENTO NO EXTERIOR RESPONSABILIDADE LIMITADA;2025-11-30;DIFERENCIAL DE SWAP A RECEBER;SWAP;;;;;;;;32093798.91;;;SCE;DOL X REU
CLASSES - FIF;08.771.962/0001-56;OITI FIF MULTIMERCADO CRÉDITO PRIVADO INVESTIMENTO NO EXTERIOR RESPONSABILIDADE LIMITADA;2025-11-30;DIFERENCIAL DE SWAP A RECEBER;SWAP;;;;;;;;14067.81;;;SDC;DI1 X DOL
CLASSES - FIF;08.771.975/0001-25;BNP PARIBAS PROPRIETÁRIO CLASSE DE INVESTIMENTO MULTIMERCADO CRÉDITO PRIVADO;2025-11-30;DIFERENCIAL DE SWAP A PAGAR;SWAP;;;;;;;;117574073.80;;;SDP;DI1 X PRE
CLASSES - FIF;08.771.975/0001-25;BNP PARIBAS PROPRIETÁRIO CLASSE DE INVESTIMENTO MULTIMERCADO CRÉDITO PRIVADO;2025-11-30;DIFERENCIAL DE SWAP A PAGAR;SWAP;;;;;;;;5192012.31;;;SCE;DOL X REU
CLASSES - FIF;08.771.975/0001-25;BNP PARIBAS PROPRIETÁRIO CLASSE DE INVESTIMENTO MULTIMERCADO CRÉDITO PRIVADO;2025-11-30;DIFERENCIAL DE SWAP A PAGAR;SWAP;;;;;;;;156038029.14;;;SDC;DI1 X DOL
CLASSES - FIF;08.771.975/0001-25;BNP PARIBAS PROPRIETÁRIO CLASSE DE INVESTIMENTO MULTIMERCADO CRÉDITO PRIVADO;2025-11-30;DIFERENCIAL DE SWAP A PAGAR;SWAP;;;;;;;;52207595.70;;;SDE;DI1 X REU
CLASSES - FIF;08.771.975/0001-25;BNP PARIBAS PROPRIETÁRIO CLASSE DE INVESTIMENTO MULTIMERCADO CRÉDITO PRIVADO;2025-11-30;DIFERENCIAL DE SWAP A PAGAR;SWAP;;;;;;;;1337628958.63;;;SCP;DOL X PRE
CLASSES - FIF;08.771.975/0001-25;BNP PARIBAS PROPRIETÁRIO CLASSE DE INVESTIMENTO MULTIMERCADO CRÉDITO PRIVADO;2025-11-30;DIFERENCIAL DE SWAP A PAGAR;SWAP;;;;;;;;840557846.10;;;SEP;REU X PRE
CLASSES - FIF;08.771.975/0001-25;BNP PARIBAS PROPRIETÁRIO CLASSE DE INVESTIMENTO MULTIMERCADO CRÉDITO PRIVADO;2025-11-30;DIFERENCIAL DE SWAP A PAGAR;SWAP;;;;;;;;813714487.91;;;Outros;999 X 999
CLASSES - FIF;08.771.975/0001-25;BNP PARIBAS PROPRIETÁRIO CLASSE DE INVESTIMENTO MULTIMERCADO CRÉDITO PRIVADO;2025-11-30;DIFERENCIAL DE SWAP A RECEBER;SWAP;;;;;;;;297713850.38;;;SDE;DI1 X REU
CLASSES - FIF;08.771.975/0001-25;BNP PARIBAS PROPRIETÁRIO CLASSE DE INVESTIMENTO MULTIMERCADO CRÉDITO PRIVADO;2025-11-30;DIFERENCIAL DE SWAP A RECEBER;SWAP;;;;;;;;6923236.72;;;SCE;DOL X REU
CLASSES - FIF;08.771.975/0001-25;BNP PARIBAS PROPRIETÁRIO CLASSE DE INVESTIMENTO MULTIMERCADO CRÉDITO PRIVADO;2025-11-30;DIFERENCIAL DE SWAP A RECEBER;SWAP;;;;;;;;19487599.99;;;SLE;IAP X REU
CLASSES - FIF;08.771.975/0001-25;BNP PARIBAS PROPRIETÁRIO CLASSE DE INVESTIMENTO MULTIMERCADO CRÉDITO PRIVADO;2025-11-30;DIFERENCIAL DE SWAP A RECEBER;SWAP;;;;;;;;1178634411.84;;;SDC;DI1 X DOL
CLASSES - FIF;08.771.975/0001-25;BNP PARIBAS PROPRIETÁRIO CLASSE DE INVESTIMENTO MULTIMERCADO CRÉDITO PRIVADO;2025-11-30;DIFERENCIAL DE SWAP A RECEBER;SWAP;;;;;;;;1103274451.04;;;SCP;DOL X PRE
CLASSES - FIF;08.771.975/0001-25;BNP PARIBAS PROPRIETÁRIO CLASSE DE INVESTIMENTO MULTIMERCADO CRÉDITO PRIVADO;2025-11-30;DIFERENCIAL DE SWAP A RECEBER;SWAP;;;;;;;;772260431.90;;;SEP;REU X PRE
CLASSES - FIF;08.771.975/0001-25;BNP PARIBAS PROPRIETÁRIO CLASSE DE INVESTIMENTO MULTIMERCADO CRÉDITO PRIVADO;2025-11-30;DIFERENCIAL DE SWAP A RECEBER;SWAP;;;;;;;;972475351.89;;;Outros;999 X 999
CLASSES - FIF;08.771.975/0001-25;BNP PARIBAS PROPRIETÁRIO CLASSE DE INVESTIMENTO MULTIMERCADO CRÉDITO PRIVADO;2025-11-30;DIFERENCIAL DE SWAP A RECEBER;SWAP;;;;;;;;37475677.70;;;SDP;DI1 X PRE
CLASSES - FIF;09.228.836/0001-12;HORIZON CLASSE DE INVESTIMENTO MULTIMERCADO CRÉDITO PRIVADO INVESTIMENTO NO EXTERIOR;2025-11-30;DIFERENCIAL DE SWAP A RECEBER;SWAP;;;;;;;;462779.69;;;SCP;DOL X PRE
CLASSES - FIF;09.523.207/0001-15;BRADESCO TEJO FI FINANCEIRO - CI MULT - RESP LIMITADA;2025-11-30;DIFERENCIAL DE SWAP A RECEBER;SWAP;;;;;;;;273342.15;;;SDL;DI1 X IAP
CLASSES - FIF;09.577.034/0001-18;CAIEIRAS FIF MULTIMERCADO INVESTIMENTO NO EXTERIOR CRÉDITO PRIVADO RESPONSABILIDADE LIMITADA;2025-11-30;DIFERENCIAL DE SWAP A PAGAR;SWAP;;;;;;;;63889354.83;;;SDP;DI1 X PRE
CLASSES - FIF;09.577.034/0001-18;CAIEIRAS FIF MULTIMERCADO INVESTIMENTO NO EXTERIOR CRÉDITO PRIVADO RESPONSABILIDADE LIMITADA;2025-11-30;DIFERENCIAL DE SWAP A PAGAR;SWAP;;;;;;;;10281532.91;;;SDC;DI1 X DOL
CLASSES - FIF;09.577.034/0001-18;CAIEIRAS FIF MULTIMERCADO INVESTIMENTO NO EXTERIOR CRÉDITO PRIVADO RESPONSABILIDADE LIMITADA;2025-11-30;DIFERENCIAL DE SWAP A RECEBER;SWAP;;;;;;;;1223843.55;;;SDP;DI1 X PRE
CLASSES - FIF;09.577.034/0001-18;CAIEIRAS FIF MULTIMERCADO INVESTIMENTO NO EXTERIOR CRÉDITO PRIVADO RESPONSABILIDADE LIMITADA;2025-11-30;DIFERENCIAL DE SWAP A RECEBER;SWAP;;;;;;;;84952477.54;;;SDC;DI1 X DOL
CLASSES - FIF;09.720.523/0001-87;BB PREV MULTI II FIF MULTIMERCADO CRÉDITO PRIVADO RESPONSABILIDADE LIMITADA;2025-11-30;DIFERENCIAL DE SWAP A PAGAR;SWAP;;;;;;;;95058055.00;;;SDM;DI1 X IGM
CLASSES - FIF;09.720.523/0001-87;BB PREV MULTI II FIF MULTIMERCADO CRÉDITO PRIVADO RESPONSABILIDADE LIMITADA;2025-11-30;DIFERENCIAL DE SWAP A RECEBER;SWAP;;;;;;;;51509685.00;;;SFD;IPC X DI1
CLASSES - FIF;11.702.084/0001-21;SAINT GERMAIN FUNDO DE INVESTIMENTO MULTI - RESPONSANBILIDADE LIMITADA;2025-11-30;DIFERENCIAL DE SWAP A PAGAR;SWAP;;;;;;;;4359977.28;;;Outros;999 X 999
CLASSES - FIF;11.702.084/0001-21;SAINT GERMAIN FUNDO DE INVESTIMENTO MULTI - RESPONSANBILIDADE LIMITADA;2025-11-30;DIFERENCIAL DE SWAP A RECEBER;SWAP;;;;;;;;20436698.23;;;Outros;999 X 999
CLASSES - FIF;11.769.285/0001-46;SPHERE CLASSE DE INVESTIMENTO MULTIMERCADO CRÉDITO PRIVADO INVESTIMENTO NO EXTERIOR;2025-11-30;DIFERENCIAL DE SWAP A PAGAR;SWAP;;;;;;;;218612299.26;;;Outros;999 X 999
CLASSES - FIF;11.769.285/0001-46;SPHERE CLASSE DE INVESTIMENTO MULTIMERCADO CRÉDITO PRIVADO INVESTIMENTO NO EXTERIOR;2025-11-30;DIFERENCIAL DE SWAP A PAGAR;SWAP;;;;;;;;153885097.79;;;SDC;DI1 X DOL
CLASSES - FIF;11.769.285/0001-46;SPHERE CLASSE DE INVESTIMENTO MULTIMERCADO CRÉDITO PRIVADO INVESTIMENTO NO EXTERIOR;2025-11-30;DIFERENCIAL DE SWAP A PAGAR;SWAP;;;;;;;;1758336985.18;;;SDP;DI1 X PRE
CLASSES - FIF;11.769.285/0001-46;SPHERE CLASSE DE INVESTIMENTO MULTIMERCADO CRÉDITO PRIVADO INVESTIMENTO NO EXTERIOR;2025-11-30;DIFERENCIAL DE SWAP A PAGAR;SWAP;;;;;;;;1187895725.15;;;SDL;DI1 X IAP
CLASSES - FIF;11.769.285/0001-46;SPHERE CLASSE DE INVESTIMENTO MULTIMERCADO CRÉDITO PRIVADO INVESTIMENTO NO EXTERIOR;2025-11-30;DIFERENCIAL DE SWAP A PAGAR;SWAP;;;;;;;;639569639.47;;;SCP;DOL X PRE
CLASSES - FIF;11.769.285/0001-46;SPHERE CLASSE DE INVESTIMENTO MULTIMERCADO CRÉDITO PRIVADO INVESTIMENTO NO EXTERIOR;2025-11-30;DIFERENCIAL DE SWAP A RECEBER;SWAP;;;;;;;;922723174.99;;;Outros;999 X 999
CLASSES - FIF;11.769.285/0001-46;SPHERE CLASSE DE INVESTIMENTO MULTIMERCADO CRÉDITO PRIVADO INVESTIMENTO NO EXTERIOR;2025-11-30;DIFERENCIAL DE SWAP A RECEBER;SWAP;;;;;;;;870742128.64;;;SDC;DI1 X DOL
CLASSES - FIF;11.769.285/0001-46;SPHERE CLASSE DE INVESTIMENTO MULTIMERCADO CRÉDITO PRIVADO INVESTIMENTO NO EXTERIOR;2025-11-30;DIFERENCIAL DE SWAP A RECEBER;SWAP;;;;;;;;897013964.30;;;SDP;DI1 X PRE
CLASSES - FIF;11.769.285/0001-46;SPHERE CLASSE DE INVESTIMENTO MULTIMERCADO CRÉDITO PRIVADO INVESTIMENTO NO EXTERIOR;2025-11-30;DIFERENCIAL DE SWAP A RECEBER;SWAP;;;;;;;;1384698891.94;;;SDL;DI1 X IAP
CLASSES - FIF;11.769.285/0001-46;SPHERE CLASSE DE INVESTIMENTO MULTIMERCADO CRÉDITO PRIVADO INVESTIMENTO NO EXTERIOR;2025-11-30;DIFERENCIAL DE SWAP A RECEBER;SWAP;;;;;;;;374044606.73;;;SCP;DOL X PRE
CLASSES - FIF;11.769.285/0001-46;SPHERE CLASSE DE INVESTIMENTO MULTIMERCADO CRÉDITO PRIVADO INVESTIMENTO NO EXTERIOR;2025-11-30;DIFERENCIAL DE SWAP A RECEBER;SWAP;;;;;;;;8820491.42;;;SDE;DI1 X REU
CLASSES - FIF;11.886.391/0001-00;CLASSE A DE INVESTIMENTO MULTIMERCADO CRÉDITO PRIVADO;2025-11-30;DIFERENCIAL DE SWAP A RECEBER;SWAP;;;;;;;;632109.42;;;SDP;DI1 X PRE
CLASSES - FIF;13.107.003/0001-70;PASCAL FUNDO DE INVESTIMENTO FINANCEIRO MULTIMERCADO CRÉDITO PRIVADO IE - RESPONSABILIDADE LIMITADA;2025-11-30;DIFERENCIAL DE SWAP A PAGAR;SWAP;;;;;;;;225217583.77;;;Outros;999 X 999
CLASSES - FIF;14.239.657/0001-10;CAIXA MASTER CAPITAL PROTEGIDO IBOVESPA CICLICO I FIF MULTIMERCADO - RESPONSABILIDADE LIMITADA;2025-11-30;DIFERENCIAL DE SWAP A RECEBER;SWAP;;;;;;;;619992.57;;;SDP;DI1 X PRE
CLASSES - FIF;15.037.582/0001-58;BB PREV PÚBLICO RF FUNDO DE INVESTIMENTO FINANCEIRO RENDA FIXA RESPONSABILIDADE LIMITADA;2025-11-30;DIFERENCIAL DE SWAP A PAGAR;SWAP;;;;;;;;143477012.00;;;SDM;DI1 X IGM
CLASSES - FIF;15.037.582/0001-58;BB PREV PÚBLICO RF FUNDO DE INVESTIMENTO FINANCEIRO RENDA FIXA RESPONSABILIDADE LIMITADA;2025-11-30;DIFERENCIAL DE SWAP A RECEBER;SWAP;;;;;;;;75583592.00;;;SFD;IPC X DI1
CLASSES - FIF;15.740.377/0001-54;SANTANDER DIAMANTINA MULTIMERCADO CRÉDITO PRIVADO - FIF;2025-11-30;DIFERENCIAL DE SWAP A PAGAR;SWAP;;;;;;;;3873923726.92;;;SDP;DI1 X PRE
CLASSES - FIF;15.740.377/0001-54;SANTANDER DIAMANTINA MULTIMERCADO CRÉDITO PRIVADO - FIF;2025-11-30;DIFERENCIAL DE SWAP A RECEBER;SWAP;;;;;;;;377885151.21;;;SDP;DI1 X PRE
CLASSES - FIF;16.916.060/0001-99;CAIXA INDEXA OURO FUNDO DE INVESTIMENTO FINANCEIRO MULTIMERCADO LONGO PRAZO - RESP LIMITADA;2025-11-30;DIFERENCIAL DE SWAP A RECEBER;SWAP;;;;;;;;8570030.00;;;Outros;999 X 999
CLASSES - FIF;22.681.938/0001-57;LC GLOBAL MASTER FUNDO DE INVESTIMENTO FINANCEIRO MULTIMERCADO CRÉDITO PRIVADO IE RESP LIMITADA;2025-11-30;DIFERENCIAL DE SWAP A RECEBER;SWAP;;;;;;;;22274.72;;;Outros;999 X 999
CLASSES - FIF;22.963.439/0001-52;TREND OURO FUNDO DE INVESTIMENTO FINANCEIRO MULTIMERCADO - RESPONSABILIDADE LIMITADA;2025-11-30;DIFERENCIAL DE SWAP A RECEBER;SWAP;;;;;;;;1257464.13;;;Outros;999 X 999
CLASSES - FIF;28.692.461/0001-91;VINLAND MACRO PLUS MASTER FUNDO DE INVESTIMENTO FINANCEIRO MULTIMERCADO RESPONSABILIDADE LIMITADA;2025-11-30;DIFERENCIAL DE SWAP A RECEBER;SWAP;;;;;;;;14383.46;;;SDP;DI1 X PRE
CLASSES - FIF;29.045.966/0001-27;JIANG FIF - CI MULTIMERCADO CRÉDITO PRIVADO - RESP LIMITADA;2025-11-30;DIFERENCIAL DE SWAP A PAGAR;SWAP;;;;;;;;91229431.47;;;Outros;999 X 999
CLASSES - FIF;29.045.966/0001-27;JIANG FIF - CI MULTIMERCADO CRÉDITO PRIVADO - RESP LIMITADA;2025-11-30;DIFERENCIAL DE SWAP A PAGAR;SWAP;;;;;;;;13659632.52;;;SDP;DI1 X PRE
CLASSES - FIF;29.045.966/0001-27;JIANG FIF - CI MULTIMERCADO CRÉDITO PRIVADO - RESP LIMITADA;2025-11-30;DIFERENCIAL DE SWAP A PAGAR;SWAP;;;;;;;;1400081.15;;;SCE;DOL X REU
CLASSES - FIF;29.045.966/0001-27;JIANG FIF - CI MULTIMERCADO CRÉDITO PRIVADO - RESP LIMITADA;2025-11-30;DIFERENCIAL DE SWAP A RECEBER;SWAP;;;;;;;;27241483.59;;;Outros;999 X 999
CLASSES - FIF;29.045.966/0001-27;JIANG FIF - CI MULTIMERCADO CRÉDITO PRIVADO - RESP LIMITADA;2025-11-30;DIFERENCIAL DE SWAP A RECEBER;SWAP;;;;;;;;29306249.29;;;SDP;DI1 X PRE
CLASSES - FIF;30.102.276/0001-41;SANTANDER HERMES RENDA FIXA FUNDO INCENTIVADO DE INVESTIMENTO EM INFRAESTRUTURA - FIF;2025-11-30;DIFERENCIAL DE SWAP A PAGAR;SWAP;;;;;;;;640927319.96;;;SDL;DI1 X IAP
CLASSES - FIF;30.102.276/0001-41;SANTANDER HERMES RENDA FIXA FUNDO INCENTIVADO DE INVESTIMENTO EM INFRAESTRUTURA - FIF;2025-11-30;DIFERENCIAL DE SWAP A RECEBER;SWAP;;;;;;;;611637152.78;;;SDL;DI1 X IAP
CLASSES - FIF;32.708.144/0001-93;SANTANDER PB ORITA MULT - FIF RESP LIMITADA;2025-11-30;DIFERENCIAL DE SWAP A PAGAR;SWAP;;;;;;;;479522.31;;;SDP;DI1 X PRE
CLASSES - FIF;33.701.422/0001-43;MIZUHO BRAZIL FUNDO DE  INVESTIMENTO MULTIMERCADO CRÉDITO  PRIVADO - INVESTIMENTO NO EXTERIOR;2025-11-30;DIFERENCIAL DE SWAP A PAGAR;SWAP;;;;;;;;101995855.83;;;Outros;999 X 999
CLASSES - FIF;33.701.422/0001-43;MIZUHO BRAZIL FUNDO DE  INVESTIMENTO MULTIMERCADO CRÉDITO  PRIVADO - INVESTIMENTO NO EXTERIOR;2025-11-30;DIFERENCIAL DE SWAP A PAGAR;SWAP;;;;;;;;426881.77;;;SDP;DI1 X PRE
CLASSES - FIF;33.701.422/0001-43;MIZUHO BRAZIL FUNDO DE  INVESTIMENTO MULTIMERCADO CRÉDITO  PRIVADO - INVESTIMENTO NO EXTERIOR;2025-11-30;DIFERENCIAL DE SWAP A PAGAR;SWAP;;;;;;;;46735088.60;;;SDC;DI1 X DOL
CLASSES - FIF;33.701.422/0001-43;MIZUHO BRAZIL FUNDO DE  INVESTIMENTO MULTIMERCADO CRÉDITO  PRIVADO - INVESTIMENTO NO EXTERIOR;2025-11-30;DIFERENCIAL DE SWAP A PAGAR;SWAP;;;;;;;;21655769.11;;;SDY;DI1 X JPY
CLASSES - FIF;33.701.422/0001-43;MIZUHO BRAZIL FUNDO DE  INVESTIMENTO MULTIMERCADO CRÉDITO  PRIVADO - INVESTIMENTO NO EXTERIOR;2025-11-30;DIFERENCIAL DE SWAP A RECEBER;SWAP;;;;;;;;101995855.83;;;Outros;999 X 999
CLASSES - FIF;33.701.422/0001-43;MIZUHO BRAZIL FUNDO DE  INVESTIMENTO MULTIMERCADO CRÉDITO  PRIVADO - INVESTIMENTO NO EXTERIOR;2025-11-30;DIFERENCIAL DE SWAP A RECEBER;SWAP;;;;;;;;426881.77;;;SDP;DI1 X PRE
CLASSES - FIF;33.701.422/0001-43;MIZUHO BRAZIL FUNDO DE  INVESTIMENTO MULTIMERCADO CRÉDITO  PRIVADO - INVESTIMENTO NO EXTERIOR;2025-11-30;DIFERENCIAL DE SWAP A RECEBER;SWAP;;;;;;;;21655769.11;;;SDY;DI1 X JPY
CLASSES - FIF;33.701.422/0001-43;MIZUHO BRAZIL FUNDO DE  INVESTIMENTO MULTIMERCADO CRÉDITO  PRIVADO - INVESTIMENTO NO EXTERIOR;2025-11-30;DIFERENCIAL DE SWAP A RECEBER;SWAP;;;;;;;;46735088.60;;;SDC;DI1 X DOL
CLASSES - FIF;33.913.576/0001-07;DB II CLASSE DE INVESTIMENTO MULTIMERCADO INVESTIMENTO NO EXTERIOR CRÉDITO PRIVADO;2025-11-30;DIFERENCIAL DE SWAP A PAGAR;SWAP;;;;;;;;84053437.31;;;Outros;999 X 999
CLASSES - FIF;33.913.576/0001-07;DB II CLASSE DE INVESTIMENTO MULTIMERCADO INVESTIMENTO NO EXTERIOR CRÉDITO PRIVADO;2025-11-30;DIFERENCIAL DE SWAP A PAGAR;SWAP;;;;;;;;290440799.50;;;SCP;DOL X PRE
CLASSES - FIF;33.913.576/0001-07;DB II CLASSE DE INVESTIMENTO MULTIMERCADO INVESTIMENTO NO EXTERIOR CRÉDITO PRIVADO;2025-11-30;DIFERENCIAL DE SWAP A PAGAR;SWAP;;;;;;;;439759379.98;;;SDC;DI1 X DOL
CLASSES - FIF;33.913.576/0001-07;DB II CLASSE DE INVESTIMENTO MULTIMERCADO INVESTIMENTO NO EXTERIOR CRÉDITO PRIVADO;2025-11-30;DIFERENCIAL DE SWAP A PAGAR;SWAP;;;;;;;;11966730.69;;;SDP;DI1 X PRE
CLASSES - FIF;33.913.576/0001-07;DB II CLASSE DE INVESTIMENTO MULTIMERCADO INVESTIMENTO NO EXTERIOR CRÉDITO PRIVADO;2025-11-30;DIFERENCIAL DE SWAP A RECEBER;SWAP;;;;;;;;183590849.46;;;Outros;999 X 999
CLASSES - FIF;33.913.576/0001-07;DB II CLASSE DE INVESTIMENTO MULTIMERCADO INVESTIMENTO NO EXTERIOR CRÉDITO PRIVADO;2025-11-30;DIFERENCIAL DE SWAP A RECEBER;SWAP;;;;;;;;57959711.82;;;SDC;DI1 X DOL
CLASSES - FIF;33.913.576/0001-07;DB II CLASSE DE INVESTIMENTO MULTIMERCADO INVESTIMENTO NO EXTERIOR CRÉDITO PRIVADO;2025-11-30;DIFERENCIAL DE SWAP A RECEBER;SWAP;;;;;;;;292530193.61;;;SCP;DOL X PRE
CLASSES - FIF;33.913.576/0001-07;DB II CLASSE DE INVESTIMENTO MULTIMERCADO INVESTIMENTO NO EXTERIOR CRÉDITO PRIVADO;2025-11-30;DIFERENCIAL DE SWAP A RECEBER;SWAP;;;;;;;;10807299.92;;;SDP;DI1 X PRE
CLASSES - FIF;35.690.218/0001-08;BB MULTIMERCADO OURO FUNDO DE INVESTIMENTO FINANCEIRO RESPONSABILIDADE LIMITADA;2025-11-30;DIFERENCIAL DE SWAP A RECEBER;SWAP;;;;;;;;34228701.76;;;SCO;DOL X OZ1
CLASSES - FIF;35.803.219/0001-03;G5 MONACO CLASSE DE INVESTIMENTO MULTIMERCADO CRÉDITO PRIVADO;2025-11-30;DIFERENCIAL DE SWAP A PAGAR;SWAP;;;;;;;;1355192.67;;;SDP;DI1 X PRE
CLASSES - FIF;35.813.066/0001-85;B3R FUNDO DE INVESTIMENTO FINANCEIRO EM AÇÕES RESPONSABILIDADE ILIMITADA;2025-11-30;DIFERENCIAL DE SWAP A RECEBER;SWAP;;;;;;;;8690.93;;;SDP;DI1 X PRE
CLASSES - FIF;35.819.455/0001-18;MACADÂMIA FUNDO DE INVESTIMENTO MULTIMERCADO CRÉDITO PRIVADO;2025-11-30;DIFERENCIAL DE SWAP A RECEBER;SWAP;;;;;;;;36272663.27;;;SCP;DOL X PRE
CLASSES - FIF;36.771.708/0001-93;STIMA ENERGIA FUNDO DE INVESTIMENTO FINANCEIRO;2025-11-30;DIFERENCIAL DE SWAP A PAGAR;SWAP;;;;;;;;1370026.81;;;SCP;DOL X PRE
CLASSES - FIF;36.771.708/0001-93;STIMA ENERGIA FUNDO DE INVESTIMENTO FINANCEIRO;2025-11-30;DIFERENCIAL DE SWAP A RECEBER;SWAP;;;;;;;;1182033.30;;;SCP;DOL X PRE
CLASSES - FIF;37.235.820/0001-72;BRAM OURO USD FI FINANCEIRO - CI MULT - RESP LIMITADA;2025-11-30;DIFERENCIAL DE SWAP A RECEBER;SWAP;;;;;;;;1121492.61;;;Outros;999 X 999
CLASSES - FIF;37.235.861/0001-69;BRAM OURO FI FINANCEIRO - CI MULT - RESP LIMITADA;2025-11-30;DIFERENCIAL DE SWAP A RECEBER;SWAP;;;;;;;;577359.99;;;Outros;999 X 999
CLASSES - FIF;37.396.932/0001-05;TREND HIGH YIELD AMERICANO FUNDO DE INVESTIMENTO FINANCEIRO MULTIMERCADO - RESPONSABILIDADE LIMITADA;2025-11-30;DIFERENCIAL DE SWAP A PAGAR;SWAP;;;;;;;;3884.19;;;Outros;999 X 999
CLASSES - FIF;37.396.932/0001-05;TREND HIGH YIELD AMERICANO FUNDO DE INVESTIMENTO FINANCEIRO MULTIMERCADO - RESPONSABILIDADE LIMITADA;2025-11-30;DIFERENCIAL DE SWAP A RECEBER;SWAP;;;;;;;;1757.37;;;Outros;999 X 999
CLASSES - FIF;39.774.017/0001-31;CAIXA MASTER CAPITAL PROTEGIDO BOLSA DE VALORES IV FIF MULTIMERCADO - RESPONSABILIDADE LIMITADA;2025-11-30;DIFERENCIAL DE SWAP A PAGAR;SWAP;;;;;;;;5728740.63;;;SDP;DI1 X PRE
CLASSES - FIF;40.021.855/0001-13;BB TOP MULTIMERCADO CARBONO LONGO PRAZO FIF RESPONSABILIDADE LIMITADA;2025-11-30;DIFERENCIAL DE SWAP A RECEBER;SWAP;;;;;;;;1404013.71;;;SSE;SEL X REU
CLASSES - FIF;40.212.817/0001-48;TREND COMMODITIES FUNDO DE INVESTIMENTO FINANCEIRO MULTIMERCADO - RESPONSABILIDADE LIMITADA;2025-11-30;DIFERENCIAL DE SWAP A PAGAR;SWAP;;;;;;;;4684.76;;;Outros;999 X 999
CLASSES - FIF;40.212.817/0001-48;TREND COMMODITIES FUNDO DE INVESTIMENTO FINANCEIRO MULTIMERCADO - RESPONSABILIDADE LIMITADA;2025-11-30;DIFERENCIAL DE SWAP A RECEBER;SWAP;;;;;;;;163934.49;;;Outros;999 X 999
CLASSES - FIF;41.733.441/0001-80;CAIXA MASTER CAPITAL PROTEGIDO CESTA AGRO FUNDO DE INVESTIMENTO FINANCEIRO MULT LP - RESP LIMITADA;2025-11-30;DIFERENCIAL DE SWAP A PAGAR;SWAP;;;;;;;;1101047.49;;;SDP;DI1 X PRE
CLASSES - FIF;41.736.872/0001-08;SPS III FEEDER C FUNDO DE INVESTIMENTO FINANCEIRO;2025-11-30;DIFERENCIAL DE SWAP A RECEBER;SWAP;;;;;;;;452092.96;;;SCP;DOL X PRE
CLASSES - FIF;41.907.150/0001-60;CITRINO FUNDO DE INVESTIMENTO MULTIMERCADO INVESTIMENTO NO EXTERIOR;2025-11-30;DIFERENCIAL DE SWAP A PAGAR;SWAP;;;;;;;;59235.19;;;SDP;DI1 X PRE
CLASSES - FIF;42.120.343/0001-30;CAIXA MASTER CAPITAL PROTEGIDO CICLICO II FIF MULTIMERCADO LONGO PRAZO - RESP LIMITADA;2025-11-30;DIFERENCIAL DE SWAP A PAGAR;SWAP;;;;;;;;5874934.47;;;SDP;DI1 X PRE
CLASSES - FIF;42.404.779/0001-50;SPS III FEEDER B FUNDO  DE INVESTIMENTO FINANCEIRO;2025-11-30;DIFERENCIAL DE SWAP A RECEBER;SWAP;;;;;;;;648828.33;;;SCP;DOL X PRE
CLASSES - FIF;42.405.550/0001-30;SPS III FEEDER A FUNDO DE INVESTIMENTO FINANCEIRO;2025-11-30;DIFERENCIAL DE SWAP A RECEBER;SWAP;;;;;;;;581460.04;;;SCP;DOL X PRE
CLASSES - FIF;42.888.543/0001-37;CARBYNE ABSOLUTE RETURN FEEDER FUNDO DE INVESTIMENTO MULTIMERCADO CRÉDITO PRIVADO - RESP LIMITADA;2025-11-30;DIFERENCIAL DE SWAP A RECEBER;SWAP;;;;;;;;981064.07;;;SCP;DOL X PRE
CLASSES - FIF;43.790.956/0001-47;CORETUBA ICATU PREVIDÊNCIA QUALIFICADO FI FINANCEIRO - CI MULT CRED PRIV - RESP LIMITADA;2025-11-30;DIFERENCIAL DE SWAP A PAGAR;SWAP;;;;;;;;4424.05;;;SDP;DI1 X PRE
CLASSES - FIF;43.960.245/0001-73;AMW ISIS MASTER FUNDO DE INVESTIMENTO FINANCEIRO;2025-11-30;DIFERENCIAL DE SWAP A PAGAR;SWAP;;;;;;;;79.52;;;SDP;DI1 X PRE
CLASSES - FIF;43.960.245/0001-73;AMW ISIS MASTER FUNDO DE INVESTIMENTO FINANCEIRO;2025-11-30;DIFERENCIAL DE SWAP A RECEBER;SWAP;;;;;;;;100.50;;;SDP;DI1 X PRE
CLASSES - FIF;43.980.182/0001-17;ATLANTIS WP FUNDO DE INVESTIMENTO MULTIMERCADO CRÉDITO PRIVADO INVESTIMENTO NO EXTERIOR;2025-11-30;DIFERENCIAL DE SWAP A PAGAR;SWAP;;;;;;;;18653.62;;;Outros;999 X 999
CLASSES - FIF;43.980.182/0001-17;ATLANTIS WP FUNDO DE INVESTIMENTO MULTIMERCADO CRÉDITO PRIVADO INVESTIMENTO NO EXTERIOR;2025-11-30;DIFERENCIAL DE SWAP A RECEBER;SWAP;;;;;;;;8566.48;;;Outros;999 X 999
CLASSES - FIF;44.109.989/0001-41;ACUERE QUALIFICADO ICATU FI FINANCEIRO - CI MULT CRED PRIV - RESP LIMITADA;2025-11-30;DIFERENCIAL DE SWAP A PAGAR;SWAP;;;;;;;;7584.10;;;SDP;DI1 X PRE
CLASSES - FIF;44.162.969/0001-34;TERRABLU ICATU QUALIFICADO FI FINANCEIRO - CI MULT CRED PRIV - RESP LIMITADA;2025-11-30;DIFERENCIAL DE SWAP A PAGAR;SWAP;;;;;;;;2738.70;;;SDP;DI1 X PRE
CLASSES - FIF;44.283.966/0001-59;WARREN FO TÁTICO RF1 FUNDO DE INVESTIMENTO MULTIMERCADO CRÉDITO PRIVADO;2025-11-30;DIFERENCIAL DE SWAP A PAGAR;SWAP;;;;;;;;400.89;;;SDP;DI1 X PRE
CLASSES - FIF;44.283.966/0001-59;WARREN FO TÁTICO RF1 FUNDO DE INVESTIMENTO MULTIMERCADO CRÉDITO PRIVADO;2025-11-30;DIFERENCIAL DE SWAP A RECEBER;SWAP;;;;;;;;54.04;;;SDP;DI1 X PRE
CLASSES - FIF;44.704.779/0001-00;BRAM GLOBAL FI FINANCEIRO - CI MULT - RESP LIMITADA;2025-11-30;DIFERENCIAL DE SWAP A RECEBER;SWAP;;;;;;;;10763.34;;;Outros;999 X 999
CLASSES - FIF;44.835.930/0001-30;TREND CRÉDITO GLOBAL FUNDO DE INVESTIMENTO FINANCEIRO MULTIMERCADO - RESPONSABILIDADE LIMITADA;2025-11-30;DIFERENCIAL DE SWAP A PAGAR;SWAP;;;;;;;;12867.16;;;Outros;999 X 999
CLASSES - FIF;48.970.281/0001-31;SUGOI FUNDO DE INVESTIMENTO MULTIMERCADO CRÉDITO PRIVADO INVESTIMENTO NO EXTERIOR;2025-11-30;DIFERENCIAL DE SWAP A PAGAR;SWAP;;;;;;;;647057.52;;;Outros;999 X 999
CLASSES - FIF;52.259.535/0001-85;GROELÂNDIA FUNDO DE INVESTIMENTO EM INFRAESTRUTURA RENDA FIXA CRÉDITO PRIVADO;2025-11-30;DIFERENCIAL DE SWAP A RECEBER;SWAP;;;;;;;;2343167.08;;;SDP;DI1 X PRE
CLASSES - FIF;54.274.648/0001-85;BNP PARIBAS CAPITAL PROTEGIDO MASTER OPORT LOCAL CLASSE DE INVEST MULT RESPONSABILIDADE LIMITADA;2025-11-30;DIFERENCIAL DE SWAP A PAGAR;SWAP;;;;;;;;1416299.45;;;SDP;DI1 X PRE
CLASSES - FIF;54.776.432/0001-18;TRANSFERO ABSOLUTE HORIZON FUNDO DE INVESTIMENTO FINANCEIRO;2025-11-30;DIFERENCIAL DE SWAP A RECEBER;SWAP;;;;;;;;347469.39;;;Outros;999 X 999
CLASSES - FIF;56.283.391/0001-53;SANTANDER PB ROMA III MULTIMERCADO CRÉDITO PRIVADO - FUNDO DE INVESTIMENTO FINANCEIRO;2025-11-30;DIFERENCIAL DE SWAP A RECEBER;SWAP;;;;;;;;714372.82;;;SDP;DI1 X PRE
CLASSES - FIF;57.748.037/0001-10;ITAÚ SOLUTIONS VEGA MASTER FUNDO DE INVESTIMENTO FINANCEIRO MULTIMERCADO RESPONSABILIDADE LIMITADA;2025-11-30;DIFERENCIAL DE SWAP A RECEBER;SWAP;;;;;;;;2113.86;;;SDP;DI1 X PRE
CLASSES - FIF;59.559.015/0001-37;ZRO ARB CLASSE DE INVESTIMENTO MULTIMERCADO CRÉDITO PRIVADO RESPONSABILIDADE LIMITADA;2025-11-30;DIFERENCIAL DE SWAP A PAGAR;SWAP;;;;;;;;20103.89;;;SCP;DOL X PRE
CLASSES - FIF;59.791.603/0001-00;TREND CREDITO CDI FIF RENDA FIXA CRÉDITO PRIVADO RESPONSABILIDADE LIMITADA;2025-11-30;DIFERENCIAL DE SWAP A RECEBER;SWAP;;;;;;;;19888.32;;;Outros;999 X 999
CLASSES - FIF;60.100.937/0001-60;NU ESTRATÉGIA PROTEGIDA FIF MULTIMERCADO LONGO PRAZO RESPONSABILIDADE LIMITADA;2025-11-30;DIFERENCIAL DE SWAP A PAGAR;SWAP;;;;;;;;18943.12;;;SDP;DI1 X PRE
CLASSES - FIF;60.742.785/0001-08;PRODHOS FIF - CLASSE DE INVESTIMENTO RENDA FIXA INCENTIVADO DE INVESTIMENTO EM INFRAESTRUTURA;2025-11-30;DIFERENCIAL DE SWAP A PAGAR;SWAP;;;;;;;;154076.98;;;SDL;DI1 X IAP
CLASSES - FIF;60.742.785/0001-08;PRODHOS FIF - CLASSE DE INVESTIMENTO RENDA FIXA INCENTIVADO DE INVESTIMENTO EM INFRAESTRUTURA;2025-11-30;DIFERENCIAL DE SWAP A RECEBER;SWAP;;;;;;;;231592.31;;;SDL;DI1 X IAP
CLASSES - FIF;60.773.619/0001-60;XP CLUB DEAL FUNDO DE INVESTIMENTO FINANCEIRO MULTIMERCADO CRÉDITO PRIVADO;2025-11-30;DIFERENCIAL DE SWAP A RECEBER;SWAP;;;;;;;;2422960.23;;;SCP;DOL X PRE
CLASSES - FIF;62.751.424/0001-45;VITEX FIF FUNDO INCENTIVADO EM INVESTIMENTO EM DEBÊNTURES DE INFRA RF CRED PRIV RESP LIMITADA;2025-11-30;DIFERENCIAL DE SWAP A PAGAR;SWAP;;;;;;;;6154590.58;;;SDL;DI1 X IAP
CLASSES - FIF;62.751.424/0001-45;VITEX FIF FUNDO INCENTIVADO EM INVESTIMENTO EM DEBÊNTURES DE INFRA RF CRED PRIV RESP LIMITADA;2025-11-30;DIFERENCIAL DE SWAP A RECEBER;SWAP;;;;;;;;6108103.02;;;SDL;DI1 X IAP
CLASSES - FIF;71.586.432/0001-74;BRAM H MULTI FI FINANCEIRO - CI MULT CRED PRIV - RESP LIMITADA;2025-11-30;DIFERENCIAL DE SWAP A RECEBER;SWAP;;;;;;;;2460079.36;;;SDL;DI1 X IAP
